First Name,Last Name,Email,SSN
Tina,Fleming,Tina.Fleming@example.com,619-16-7988
Erica,Shah,Erica.Shah@example.com,164-51-7615
Paula,Ortiz,Paula.Ortiz@example.com,051-83-3290
James,Hendricks,James.Hendricks@example.com,776-83-2884
Lauren,King,Lauren.King@example.com,197-94-2398
David,Cowan,David.Cowan@example.com,252-92-1832
Andrew,Burton,Andrew.Burton@example.com,296-23-6842
Julian,Baker,Julian.Baker@example.com,337-40-7543
Scott,Castro,Scott.Castro@example.com,399-46-5595
Billy,Rodriguez,Billy.Rodriguez@example.com,014-18-2503
Darrell,Leblanc,Darrell.Leblanc@example.com,005-82-7918
David,Hammond,David.Hammond@example.com,561-17-6312
